Section,Question,Answer
General Admissions,What is the Ontario Tech Applicant Portal and how do I access it?,"If you've applied to one of our programs, you can log into the Ontario Tech Applicant Portal to view the status of your application. If you have questions about accessing or using the Applicant Portal, please visit our Applicant Portal frequently asked questions page."
General Admissions,How do I check the status of my application?,You can view the status of your application by logging into your Applicant Portal by using your Ontario Tech University Student Number (10xxxxxxx) as your username and birthday (in the format MMDDYY) as your password.
General Admissions,I am having issues logging into my Applicant Portal; what should I do?,"Please contact IT Services at 905.721.3333. For prompt service, please ensure to have your Ontario Tech University Student Number ready."
General Admissions,How do I pay the non-refundable tuition deposit?,You can pay your non-refundable tuition deposit on our Pay your deposit website or via ontariotechu.ca/tuitiondeposit.
General Admissions,Does the university offer winter or spring entry to its programs?,"Visit the winter applicants page for information. All of our full-time undergraduate degree programs begin in September (fall). Some college-to-university transfer programs begin in the spring. For a list of these programs, please visit our college-to-university transfer website."
General Admissions,How do I apply to the university?,Domestic students must apply through the Ontario Universities' Application Centre (OUAC). Please visit the OUAC website to apply online. International students must apply through OUAC. Please visit the OUAC website to apply online. Find out what type of applicant you are.
General Admissions,Where should my transcripts be sent?,Official transcripts can be sent to: Office of the Registrar - Admissions Ontario Tech University 2000 Simcoe Street North Oshawa Ontario L1G 0C5 Canada Our website has detailed information on how secondary school transcripts and post-secondary transcripts must be submitted. International applicants: Please see the International documents page.
General Admissions,What is an official transcript?,"An official transcript is a complete record of all academic activities you completed at an educational institution. An official transcript includes: The courses you took. The final marks you received. Your degree designation (if applicable). The following documents will not be accepted as official, but can be used for admission consideration: Photocopied, scanned or faxed transcripts. Transcripts sent by or hand-delivered by students."
General Admissions,How do I get an official transcript from the secondary school I attended?,Information about secondary-school transcripts is available on the Admissions website. International applicants: Please see the International applicants page.
General Admissions,Do I need to submit a supplemental application?,"No, the university does not require supplemental applications for undergraduate programs."
General Admissions,What programs are available to study?,The university offers a growing number of undergraduate and graduate programs. Visit our programs page to learn more.
General Admissions,How do I transfer credits earned in a college program to an Ontario Tech University program?,It is the university's policy that a student must be admitted to a degree program to be eligible for transfer credit(s). Please visit our Transfer credit pages for more information.
General Admissions,How do I get more information on college-to-university transfer programs?,The university offers many college-to-university transfer programs. Detailed information about each program can be found on the college-to-university transfer website.
General Admissions,How do I know if you received my documents?,"You can view the status of your documents by logging into the Applicant Portal using your Ontario Tech University Student Number (10xxxxxxx) as your username, and birthday (in the format MMDDYY) as your password. Once mail arrives at the university, it may take 5 to 10 business days to be processed and updated on your Applicant Portal."
General Admissions,Whom can I contact with questions about my application?,Please make sure you include your Ontario Tech University Student Number in all communication with us. Applicants currently enrolled in an Ontario secondary school: admissions@ontariotechu.ca Bachelor of Education applicants: admissions@ontariotechu.ca International undergraduate applicants: admissions@ontariotechu.ca All other undergraduate applicants: admissions@ontariotechu.ca Graduate Studies applicants: gradadmissions@ontariotechu.ca
General Admissions,What are the admission requirements for my program?,Please see our prerequisites for program-specific admission requirements. The prerequisite courses you may be asked to present are: ENG4U English ICS4U Computer Science MCV4U Calculus and Vectors MDM4U Mathematics of Data Management MHF4U Advanced Functions SBI4U Biology SCH4U Chemistry SPH4U Physics
General Admissions,What can I do to upgrade my marks?,There are numerous options available to you; see our Upgrading page for more information.
General Admissions,"If I retake a course, what mark is used?","If a student has taken a course more than one time, we use the best grade to calculate the admission average."
General Admissions,I have an offer to the university but I my average has dropped below the minimum average. What should I do?,"If your admission average has dropped below the minimum average stated in your offer of admission, we encourage you to upgrade your marks. As stated in your offer, admission is conditional upon satisfactory completion of all courses currently in progress, program prerequisites and a required minimum final admission average. Failure to meet the admission requirements may result in the withdrawal of your offer. More information can be found on the upgrading page ."
General Admissions,I am a former Ontario Tech University student; how can I apply?,Visit our former Ontario Tech University students applicant page for information.
General Admissions,Can I defer my offer of admission?,"The university will consider deferring your application to a future intake. Due to the competitive nature of our admissions process, your application will be evaluated among the new pool of applicants. For more information, please see our Special considerations page."
General Admissions,When will I hear if I a decision has been made on my application?,The university begins assessing applications in December and continues on an ongoing basis as required documentation is received as space remains in programs. Please ensure your documents are submitted before the appropriate deadlines stated on the Admissions website if you wish to receive a timely response.
General Admissions,When is the deadline to accept my offer of admission?,"You must respond to your offer by the date indicated in your offer letter. To secure your seat in the program, we recommend you accept your offer and pay your $500 non-refundable confirmation deposit as soon as possible. Pending space availability, you may be able to accept your offer beyond your deadline date; if the program becomes full, your seat in the program will be lost and your offer expired."
General Admissions,My offer has expired; what should I do?,"Please contact the Office of the Registrar and request that the offer of admission be re-posted on the OUAC website. The Office of the Registrar will review your file to ensure you are still admissible to the program. If you are admissible and there is space available, your offer will reappear on the OUAC."
General Admissions,How do I make changes to my application?,"If you applied through OUAC, you may amend your application on OUAC. If you have already accepted an offer of admission and paid a deposit to the university, please contact the Office of the Registrar for further assistance."
General Admissions,I have an offer to the university but I would like to change my program. How do I do that?,"If you would like to change your program choice, you may do one of two things: You can amend your application and change the program to a new one. If you currently have an offer to a program and you amend it on your application, you will lose that offer of admission. To avoid losing an offer of admission, we recommend you add a program to your application instead of amending an existing program choice. You can add another program to your OUAC application."
General Admissions,I accidentally declined my offer of admission to the university on the OUAC website. What should I do?,"Please contact the Office of the Registrar and request that the offer of admission be re-posted on the OUAC website. The Office of the Registrar will review your file to ensure you are still admissible to the program. If you are admissible and there is space available, your offer will reappear on OUAC."
General Admissions,I applied to multiple programs at the university. Why is only one offer appearing on the OUAC website?,"Depending on space availability, you may receive an offer to one of your program choices but not the other(s). We review applications on a bi-weekly basis and if you are admissible to the other program choice(s), the offer will appear on the OUAC website at a later date."
General Admissions,What are the requirements to study in an undergraduate program at Ontario Tech University as an international student?,"Generally speaking, international applicants must provide proof of: High school graduation (often stated directly on one’s final high school transcript) English proficiency Having attained the academic subject prerequisites required for the program to which they are applying - these are typically secondary school, senior-level courses of sufficient scope and depth"
Applicant Portal,How do I access my Ontario Tech Applicant Portal?,There are two ways to access your Applicant Portal: Log in by visiting ontariotechu.ca/applicantportal. Visit the Undergraduate Admissions website and select the Applicant Portal link from the main navigation bar.
Applicant Portal,What browser should I use?,"The Ontario Tech Applicant Portal can be accessed using Google Chrome, Mozilla Firefox or Safari."
Applicant Portal,What credentials should I use to access my Ontario Tech Applicant Portal?,"Log in using your Ontario Tech Applicant ID (9 digits: 10xxxxxxx format) provided to you in your application acknowledgement e-mail. The default password is your date of birth (MMDDYY). If you changed your default password, please use the updated password."
Applicant Portal,How do I view my application status in the Applicant Portal?,"Once you've logged in, follow these steps to view your application status: Click on Admissions Portal – Undergraduate . Then click on Application Status."
Applicant Portal,I continue to encounter an authentication error when attempting to access the portal. What should I do?,"If you've followed the above instructions and continue to encounter an authentication error when attempting to access the portal, try clearing your cache or attempt to access the portal via private browsing or Incognito mode. Learn more about browsing in private by viewing these browser-specific instructions: Google Chrome Incognito mode Google Chrome clear cache & cookies Mozilla Firefox Private Browsing Clear cookies and site data in Mozilla Firefox Safari Private Browsing Manage cookies and website data in Safari"
Applicant Portal,How do I reset my Applicant Portal password?,Please contact our IT Service Desk at 905.721.3333.
Applicant Portal,What should I do if I have tried everything and still cannot access my Applicant Portal?,Please contact the IT Service Desk at 905.721.3333 or via e-mail at servicedesk@dc-ot.ca .
Admissions,"I have accepted my offer on OUAC, but when trying to pay the tuition deposit, I receive the following message: ""This site is available for NEW entrants to Ontario Tech only."" What does this mean?","When an offer is accepted on the Ontario Universities' Application Centre (OUAC), it can take approximately 2 to 3 working days for your acceptance to register in our system. Continue to monitor the tuition deposit page during that time period to make your payment. If it has been longer than 2 to 3 working days since accepting your offer, contact us at connect@ontariotechu.ca . Please remember to include your full name and your Ontario Tech student ID number."
Admissions,I have accepted my offer of admission and paid my tuition deposit. What do I do next?,Course registration for the fall and winter semesters takes place at the end of June. Students that are eligible to register will be sent an email with further information closer to this time. Visit our Next Steps website for more information on what you can do to prepare for the start of classes in September.
Admissions,I need to pay my non-refundable tuition deposit - is this covered by OSAP?,"OSAP funding is not released until the beginning of September, once we confirm that you are registered in your classes. As such, the $500 non-refundable tuition deposit is typically not covered by OSAP. The tuition deposit can be paid online via credit card. The deadline to pay this deposit is listed in your conditional offer letter, which is posted to your Applicant Portal ."
Ancillary Fees,What are ancillary fees?,"Ancillary fees are used to provide important services and resources for students. These fees are charged alongside your tuition on your student account. All ancillary fees are approved by both your Student Union and the Board of Governors. Some fees are also voted on by the student body, including your U-Pass and gym membership. All students pay ancillary fees to enable access to services at a lower cost than would be possible on an individual basis. We understand that you may not use all of the available services, and we encourage you to make use of services that you feel will enrich your student experience. To view a breakdown of your ancillary fees, visit the Ancillary fees webpage."
Ancillary Fees,Which ancillary fees can I opt out of?,You have the ability to opt-out of a portion of the health and dental insurance fee by providing proof of preexisting coverage. Find out more about the health and dental insurance opt-out process. You can also choose to opt out of the legal protection program if you wish. Find out more about the legal protection program opt-out process . You have the ability to opt-out of myvirtualdoctor. Find out more about the myvirtualdoctor opt-out process.
Ancillary Fees,Why can’t I opt out of additional ancillary fees?,"Some services and resources are central to the operation of the university and the student experience. These fees are mandatory to ensure access for everyone. Upcoming changes to provincial legislation may allow students to opt out of select ancillary fees in the near future, stay tuned for more information."
Ancillary Fees,Why are more ancillary fee categories listed now compared to previous years?,"We recognize that students want to know where their ancillary fees are going. We have separated some fee categories into several smaller items to provide a more detailed breakdown. These are not new fees and are being presented in this way to provide you with more specific information regarding the services and resources that ancillary fees make possible, and continue to support."
Fees and Payment,What do my tuition and fees pay for? How are they calculated?,"Your fees consist of tuition, compulsory ancillary and compulsory flat fees which are approved by the Board of Governors and the Ontario Tech Student Union. To break down your fees, visit our tuition calculator page . Tuition at Ontario universities is based on four factors: Provincial government policy The university and program Whether the student is considered domestic (Canadian citizen, permanent resident or convention refugee) or international (not a Canadian citizen or permanent resident, or are currently studying or have studied outside of Canada) The student’s year of study"
Fees and Payment,How do I know how much to pay for tuition?,"You are charged tuition and ancillary fees once you have registered in your courses. Your fees are due each semester. Check the Academic Schedule to confirm when fees are due. If you have registered in your courses, follow the steps below to view your outstanding balance: Go to MyOntarioTech . Select your student type: Undergraduate Students, or Graduate Students. Click on My finances and under the Payment and refunds box , select Account details. If prompted, login using your network credentials. To view the fees for each semester, select the term you would like to review."
Fees and Payment,How do I change my international tuition rate to the domestic rate?,"To change your international tuition rate to the domestic rate you must provide satisfactory proof of your status. Submit the Eligibility for Domestic Fees Application form available on your MyOntarioTech account. Go to MyOntarioTech . Select your student type: Undergraduate Students, or Graduate Students. Click on My information and select Change of residency status. Check the posted deadlines and fill out the online form."
Fees and Payment,I have a credit balance on my tuition account. How can I request a refund?,"You can check your account balance on MyOntarioTech: Go to MyOntarioTech . Select your student type: Undergraduate Students or Graduate Students . Click on My finances and under the Payment and refunds box , select Account summary. If prompted, login using your network credentials. To view the fees for each semester, click the View by overview box and select View by term . Review your account details. A refund request form is to be used if you have a credit balance showing on your account (a balance with a negative amount). Credit balances are left on the account to be used towards the next academic term. However, if you are currently attending and require a refund of all or a portion of the credit on your account, you need to submit a refund request form. Processing time for a request is two to three weeks.  During peak periods, the turnaround may be longer.  This form is available on your MyOntarioTech account under Undergraduate Forms. If you do not have a credit balance, please speak with Enrolment Services before submitting this form. Fully withdrawn students, including those who are Suspended or Dismissed, are refunded monthly and do not require a Refund Request form. Only the student responsible for the fees on the account may request a refund. Please note: If you are eligible for a refund, the fastest way to receive it is to sign up for direct deposit. To access and complete our Direct Deposit form: Go to MyOntarioTech . Select your student type: Undergraduate Students or Graduate Students . In the Payment and Refunds box, under Refunds , click on Direct deposit information . If prompted, login using your network credentials. On the Student profile page, click on My direct deposit info and a new direct deposit allocation window will open. Click Add new and input your direct deposit information. Check the authorization textbox and click Save new deposit . The information you entered will be saved as a Prenote status . An email will be sent to your ontariotechu.net email address notifying you to submit the backup document to deposits@ontariotechu.ca for verification (i.e. a copy of a void cheque or a Direct Deposit Authorization form from the bank). Once the backup is verified, the status of your banking information will change to Active . You will be informed once your banking info is verified. Please note: If you are a student on OSAP, your refund must be approved by Student Awards and Financial Aid and may be refunded back to the National Student Loans Service Centre. Approved refunds are paid via direct deposit or TouchNet/PayPath (if your tuition balance was paid by debit or credit card via the Student Account Centre)."
Fees and Payment,How do I complete/update my direct deposit banking information with Ontario Tech?,"To set up your Direct Deposit information online: Go to MyOntarioTech . Select your student type: Undergraduate Students or Graduate Students . In the Payment and Refunds box, under Refunds , click on Direct deposit information . If prompted, login using your network credentials. On the Student profile page, click on My direct deposit info and a new direct deposit allocation window will open. Click Add new and input your direct deposit information. Check the authorization textbox and click Save new deposit . The information you entered will be saved as a Prenote status . An email will be sent to your ontariotechu.net email address notifying you to submit the backup document to deposits@ontariotechu.ca for verification (i.e. a copy of a void cheque or a Direct Deposit Authorization form from the bank). Once the backup is verified, the status of your banking information will change to Active . You will be informed once your banking info is verified."
Fees and Payment,Do we receive an official receipt?,"You can request an official receipt for proof of tuition by completing the Specialized Letter request form . Please note that y ou will be charged a $15 fee and official receipts cannot be used for tax purposes. If you don’t require an official receipt but want a breakdown of your fees, you can view and print your Statement and payment history on MyOntarioTech . To do this Go to MyOntarioTech . Select your student type: Undergraduate Students or Graduate Students . Click on My finances and under the Payment and refunds box , select Statement and payment history. If prompted, login using your network credentials. Review your account summary details and print the document."
Fees and Payment,"I'm not on campus, how can online learning cost the same as in-person?","A blended-learning approach does not mean less instructors, teaching assistants, support services or access - all of us at the university will still be available and accessible to ensure you are successful and have the support you need."
Fees and Payment,What fees am I expected to pay as a co-op student?,"Effective as of the 2023-2024 academic year, co-op students are required to pay an entrance fee, a preparatory course fee and a fee associated with each work term pursued. This applies to both new and continuing students changing from a non-co-op to a co-op program."
Fees and Payment,I entered the co-op program prior to the 2023-24 academic year; am I required to pay all the fees outlined above?,"Students who entered the program prior to the 2023-2024 academic year will not be required to pay an entrance fee, nor will they be required to pay additional fees for previously completed preparatory courses or work terms. All future charges will be based on the new fee structure."
Fees and Payment,Who can I talk to if I have questions about my finances?,"To discuss your university finances with one of our counsellors, please visit our SAFA website or contact us."
Fees and Payment,How can I make a payment towards my student account?,"We offer a variety of payment options, including bank payment, debit/credit card, certified cheque, CIBC International Student Pay,  and more.  For full details, please visit our Payment options page."
Fees and Payment,How do I pay tuition? What if I receive OSAP?,"If you are receiving enough OSAP to cover your tuition, an OSAP deferment will be placed on your account. An OSAP deferment will prevent any holds and late fees on your account until your enrolment has been confirmed and the funding sent to the university. It is your responsibility to check your tuition account and make sure that your OSAP funding has been received, and that fees have been paid in full for each semester. Find out acceptable methods of payment for tuition."
Fees and Payment,I have tried multiple methods to make a payment but none are working. What should I do?,"If you have made several attempts to pay your tuition/fees but they have not been successful, please consider the following options: You can contact your financial institution to investigate what may be causing the error and/or ask them if they can assist you in making a payment (ex. via telephone, at a branch). Alternatively, please contact us so we can assist you further. You can do so by visiting us at the Registrar's Office , emailing connect@ontariotechu.ca or calling 905.721.3190 to speak to an Enrolment Services Representative."
Fees and Payment,What is the deadline to apply for OSAP?,"We recommend you apply for OSAP 8 to 10 weeks before the start of your study period. You can also apply before you are accepted into your program. The online application includes information about all of the OSAP deadlines. If you miss these deadlines, your application will not be processed. Application deadline: Submit your OSAP application no later than 60 days before the end of your study period . Required documentation deadline: Our Student Awards and Financial Aid (SAFA) office must receive your required documents (e.g. proof of income, letter of explanation of your financial situation, signature pages) no later than 40 days before the end of your study period . Review deadline: Our SAFA office must receive all OSAP appeals/review requests no later than 40 days before the end of your study period ."
Fees and Payment,How do I know if I have a deferment or am eligible for one?,"If you are receiving OSAP, you can check your account detail by term and and view your tuition fees on MyOntarioTech . Then, check your OSAP account to see the amount of OSAP funding set to be distributed for the semester. If your OSAP funding is greater than your tuition, and you have submitted all required supporting documents, you do not need to take any further action—we will place a deferment on your account for you. If you have less OSAP funding than tuition, you will need to pay the difference by the payment deadline. Go to MyOntarioTech . Select your student type: Undergraduate Students, or Graduate Students. Click on My finances and under the Payment and refunds box , select Account summary by term - OSAP students . If prompted, login using your network credentials. View your account balance."
Fees and Payment,When are fees due?,"To determine when your fees are visit the Important Dates section in the Academic Calendar(s) . If you are an Undergraduate Student you must review the Undergraduate Academic Calendar. If you are Graduate Student, you must review the Graduate Academic Calendar as your fee deadlines may differ from Undergraduate students. For more information please check out our Fees and payments FAQs or visit our Tuition and Fees webpage."
Fees and Payment,What if I miss the deadline to pay tuition?,"The payment deadline schedule is posted on MyOntarioTech . It is your responsibility to be aware of any important dates that apply to you, and ensure all account fees are paid on time. If your fees are not paid by the deadline, your account will be subject to a late fee. Late fees are charged on a monthly basis of 1.5 per cent interest on the outstanding balance of your tuition account. To view the payment deadline schedule: Go to MyOntarioTech . Select your student type: Undergraduate Students, or Graduate Students. Click on My finances and under the Payment and refunds box , select Payment deadlines . Navigate to the Payment deadlines drop down arrows, then select a semester. Review payment deadline information."
Fees and Payment,Can I pay my tuition with my graduate funding?,"Yes, you can pay your tuition with graduate funding. If you wish to do so, you must submit the graduate student promissory note for deferment of fees and tuition deduction form and supporting documentation to gradfinance@ontariotechu.ca . Review additional information and requirements."
Fees and Payment,"I am completing my program requirements before the end of the semester, will I still have to pay all tuition and fees?","In some cases, students may complete their program requirements before the end of the academic semester. To determine what you are required to pay, contact gradfinance@ontariotechu.ca ."
Financial Aid and OSAP,Why hasn’t my OSAP been confirmed yet?,"Confirmation of enrolment will begin no sooner than 10 days before the start of classes for the upcoming semester. Your enrolment will be confirmed automatically as long as you meet the following criteria: All required supporting documentation in your OSAP account has been submitted and approved. Your program, course load and year of study indicated on your OSAP application match your school file. Once your enrolment has been confirmed, it typically takes 5 to 10 business days for your funding to be released. If your estimated payment release date keeps changing, please contact the Registrar's Office to discuss your application in further detail."
Financial Aid and OSAP,What is the deadline to apply for OSAP?,"We recommend you apply for OSAP 8 to 10 weeks before the start of your study period. You can also apply before you are accepted into your program. The online application includes information about all of the OSAP deadlines. If you miss these deadlines, your application will not be processed. Confirm timelines/deadlines for a Full-Time OSAP application. Confirm timelines/deadlines for a Part-time OSAP application. Stay informed on this academic year’s Important Dates and Deadlines for awards and financial aid."
Financial Aid and OSAP,How do I know if I have an OSAP deferment or am eligible for one?,"You can check your account detail by term on MyOntarioTech and view your tuition fees. Then, check your OSAP account to see the amount of OSAP funding set to be distributed for the semester. If your OSAP funding is greater than your tuition, and you have submitted all required supporting documents, you do not need to take any further action—we will place a deferment on your account for you. If you have less OSAP funding than tuition, you will need to pay the difference by the payment deadline. To view your Account detail by term - OSAP students : Go to MyOntarioTech . Select the Current students box. In the Paying your fees box, select Account detail by term - OSAP students . If prompted, login using your network credentials. Review your account details."
Financial Aid and OSAP,"I applied for a bursary, but I have not heard back yet. What do I do?","General bursary applications will be assessed following the application deadline. All assessments will be completed in the order in which they are received. Prior to this date, applications will not be assessed unless you are facing a financial emergency. If you are experiencing a financial emergency, contact us to book an appointment with a financial aid officer. View your application"
Financial Aid and OSAP,How do I apply for bursary?,"We offer a variety of supports to help you finance your education and time at university, including bursaries, donor awards, scholarships and on-campus employment. Apply now Award applications for the upcoming academic year are posted towards the end of August. In the meantime, you can check out the Student Awards and Financial Aid website for information and criteria for awards that will become available."
Financial Aid and OSAP,"I am considering dropping to part-time studies (one or two courses) for this semester, but my OSAP has already been released. What do I do?",Contact Enrolment Services as soon as possible to discuss how dropping courses will affect your status with OSAP.
Financial Aid and OSAP,I withdrew from my courses and I see that my refund was sent to National Student Loans Service Centre (NSLSC).  Why did I not receive the refund directly?,"If you withdraw from courses and receive either a full or partial refund for the dropped course(s), the refund must be sent back to the National Student Loans Service Centre (NSLSC) to help pay back any funding that was released, for which you are no longer eligible. Make sure to register for an online NSLSC account — this is where you can view the total amount of loan funding that has been released, as well as any payments that have been made."
Financial Aid and OSAP,I would like to take courses during the spring/summer term. How can I receive OSAP for this?,"If you will be studying full-time in the spring/summer semester (three or more courses over the entire semester) and you received full-time OSAP for the fall/winter semesters, you are eligible to complete an OSAP summer extension. This does not require a new online application. The OSAP extension form will be available on MyOntarioTech after spring/summer registration has started and can be found in the Student awards and financial aid box.  Instructions are on the form for students to follow once registered. If you will be studying part-time in the spring/summer semester (one or two courses over the entire semester), you are eligible to apply for part-time OSAP by completing a new application online . Make sure to upload all required supporting documents directly to your OSAP application in order to have your application assessed."
Financial Aid and OSAP,"I am a co-op student trying to select the right program code for my OSAP application. What does ""study term"" and ""work term"" mean?",Study term refers to the terms in which you are enroled in your regular program course requirements. Work term refers to any term in which you are completing your co-op placement.
Financial Aid and OSAP,"I am a co-op student, why does it matter whether I select ""study term"" or ""work term""?","There are different tuition and fees associated with your co-op ""work term"". Selecting the right program code will ensure the correct tuition and fee amounts are reflected in your OSAP assessment."
Financial Aid and OSAP,I will be going on a co-op for a term.  Am I eligible for full time OSAP funding?,"If you are taking a co-op work term you may be eligible for OSAP funding or Continuation of Interest-Free Status (CIFS) on your previous OSAP loans. To qualify, your program must be in a co-op stream where co-op is part of your degree requirements within an approved OSAP funded program. This means you cannot get your degree without completion of a co-op work term.  If your program is not a co-op stream and the co-op or internship is optional, it means there is more than one pathway to obtaining the degree, and in this case you are not eligible for OSAP funding or interest free status. You have two choices if you plan to go on a “required” work term: Apply for full-time OSAP: You can apply to be considered for full-time OSAP funding for your working term.  Your program name can be searched by the word ""work"" and the course load should be entered at 100%.  Students are required to apply for OSAP for every four-month working term (ie. September to December or January to April).  Students are required to report income earned while on their co-op term. Apply for Continuation of Interest-Free Status (CIFS): If you choose not to apply for full time funding, you can be considered to keep previous loans interest-free and out of repayment by applying for Continuation of Interest-Free Status (CIFS) though your OSAP portal .  Students should apply at the start of their co-op work term to avoid interest from accumulating. Our office will review your application and update the NSLSC accordingly. Be sure to submit your CIFS application within the deadline dates on the form. NOTE: Internships are not mandatory degree requirements at Ontario Tech University and are not OSAP or CIFS eligible.  If you are out of full-time studies for more than six months, you will enter repayment at the end of your six-month grace period.  The NSLSC will contact you via email with details on methods of payment.  Please watch for this communication through your account with the NSLSC. Faculties with co-op options are the following: Faculty of Business and Information Technology (FBIT) Faculty of Engineering and Applied Science (FEAS) Faculty of Science (FSc)"
Financial Aid and OSAP,What is an OSAP Micro-credential?,"Micro-credentials are rapid training programs offered by postsecondary education institutions across the province that can help you get the skills that employers need. Micro-credentials help people retrain and upgrade their skills to find new employment. Micro-credentials: Typically take less time to complete than degrees or diplomas. May be completed online and may include on-the-job training. They are often created with input from business sectors, so the skills being taught match employer needs. To find out more, view here: OSAP Micro-credentials"
Financial Aid and OSAP,Where can I find more information/resources about financial assistance?,"Our Student Awards and Financial Aid team is dedicated to helping you achieve financial success throughout your studies. To view Student awards and financial aid options: Go to MyOntarioTech . Select the Current students box. In the Student awards and financial aid box, click any of the options below: View your application Apply for student aid/university works View my student aid University works time sheet External awards OSAP forms OSAP information Further information"
Graduating Students and Convocation,How do I apply to graduate?,"There are four periods throughout the year to apply for graduation. Follow these steps to apply to graduate: Go to MyOntarioTech . Select the Current students box. In the Student records box , select Apply to graduate . Note: Applications will only be available during the three open application periods. Complete and submit the online form."
Graduating Students and Convocation,I missed the deadline to apply to graduate. What should I do?,Contact the Office of the Registrar to see if you are eligible to submit a late application to graduate. Note: There is a $50 application fee for late applications.
Graduating Students and Convocation,When can I get my parchment and/or official transcript?,"Students will be able to pick up their parchment during their convocation ceremony. If you are not attending convocation, you can pick up your parchment after convocation at the Registrar's Office. Visit the Convocation webpage and select your convocation ceremony to determine when your parchment will become available for pick up. If you are unable to pick up your parchment in person, you can request that it be mailed to you. Please note that the courier can take eight weeks from the date of the ceremony. Students can submit a request to receive their Official Transcript (which includes conferral date) once they have received confirmation that their degree has been conferred by academic council. If you have any questions about these processes, please do not hesitate to connect with us."
Graduating Students and Convocation,Do I need tickets for my guests to attend the convocation ceremony?,"Yes, details will be on the convocation web page when announced."
Graduating Students and Convocation,I need a letter of invitation for my guests that are coming to Canada from another country for the convocation ceremony. How do I obtain this letter?,"Follow the instructions on our inviting relatives to visit web page for your guest(s), as you must write this letter yourself. If you apply to graduate during the winter semester, you will receive notification by the end of May regarding the outcome of your application. If you are an international student, you have access to download a Undergraduate verification of enrolment letter which includes your program of study, year level, current status as a student (full-time or part-time), and your expected graduation date. To generate your Undergraduate verification of enrolment letter: Go to MyOntarioTech . Select the Current students box. In the Student records box , select Undergraduate verification of enrolment . If prompted, login using your network credentials. Using the down arrow, select the term year, and then select Submit . Select the blue link labelled Download verification of enrolment to begin the download of the document. Click on the download to open the document."
Grad Finance FAQs and Contacts,How will I know if I am going to receive funding?,"If you receive funding for your graduate studies, your funding package will be included in your offer of admission. This will include information such as the amount of funding you are being offered and the duration of these awards. For more information, visit our graduate funding page ."
Grad Finance FAQs and Contacts,Where can I find information about scholarships?,Review upcoming scholarships and tips for applying .
Grad Finance FAQs and Contacts,Where can I find information about bursaries or donor awards?,"There are a number of donor awards available to you. These awards are a valuable and lasting resource for many of our current students. Once you complete a General Bursary and Donor Award application, you'll be considered for funding. To apply, follow these steps: Under Student Awards and Financial Aid , select apply for student aid/university works. Enter your network ID and password. Enter the applicable term and year, select continue . Select the General Bursary application from the drop-down menu, select continue ."
Grad Finance FAQs and Contacts,"I want to change from full-time to part-time status, how will this affect my current funding?","Continuation of all sources of funding from the university is dependent on maintaining good academic standing, high-quality research performance (where applicable) and availability of funds. If you withdraw, change to part-time status, change your program, change your research topic or supervisor, change your fee status or fail to complete a term, you may no longer be eligible for funding."
Grad Finance FAQs and Contacts,What are the minimum funding levels for research students?,"The university is committed to providing financial support to our graduate students in research-based master’s and doctoral programs. Each program has a minimum funding threshold for full-time students. These minimum levels may be met or exceeded in a given year and are typically offered for the standard length of the program. The minimum funding may be met through various sources of funding and these sources are normally outlined in the offer of funding at the time of admission. For more information, see minimum funding."
Grad Finance FAQs and Contacts,How do I apply for a Research or Teaching Assistantship?,"If you are eligible for a Research or Teaching Assistantship, it will be included in your offer of admission. If you do not receive a Research or Teaching Assistant position, you must contact your graduate program director. For more information, visit the graduate funding page ."
Grad Finance FAQs and Contacts,Where can I find information about Graduate Research Assistantships?,Please visit the graduate funding page .
Grad Finance FAQs and Contacts,Can I have an on-campus job while I am a full-time graduate student?,"Yes, you can!"
Grad Finance FAQs and Contacts,Can I have an on-campus job and still receive graduate funding?,"If you are the recipient of an external award, the agency providing the award may have restrictions on the number of hours (including TA) that you may work. If you exceed this guideline, you risk losing your external funding. Review the appropriate guidelines included in your funding package to learn more."
Grad Finance FAQs and Contacts,Are there restrictions for the number of hours part-time students can work?,There are no restrictions.
Grad Finance FAQs and Contacts,Where can I find my tax receipts?,"Tax receipts for T2202s can be viewed and printed through the MyOntarioTech portal. For questions or concerns, please contact the Office of the Registrar . T4 slips for teaching assistantships and research assistantships can be viewed and printed through MyOntarioTech. For questions or concerns, please contact uoitpayroll@ontariotechu.ca . T4A slips for graduate research assistantships, Dean's Graduate Scholarships, and CIHR, NSERC or SSHRC scholarships and bursaries will be mailed directly, according to your address on file. For questions or concerns, please contact UOITstudentAR@ontariotechu.ca."
Grad Finance FAQs and Contacts,Do I have to pay tax if I am a Teaching or Research Assistant?,"If you do not wish to pay tax as a Teaching or Research Assistant you must complete two TD1, Personal Tax Credits Return forms and submit your documentation to gradfinance@ontariotechu.ca . For more information on TD1 forms, visit the Government of Canada website ."
Grad Finance FAQs and Contacts,"I am an international student, what should I be aware of when it comes to assistantships and work polices?","If you are an international student, you must stop working when you do not meet on-campus and/or off-campus work eligibility . Please contact your International Student Advisor(s) immediately with any questions or concerns."
Grad Finance FAQs and Contacts,Can I waive a TA Assignment?,"Yes, a student can waive their Teaching Assistant Assignment by completing the TA/RA Request to Waive Assignment form. By signing and submitting the Request to Waive form all funds and assigned hours for the semester are waived in full."
Grad Finance FAQs and Contacts,When is tuition due?,Payment of tuition and all ancillary fees is due by the posted payment deadline each term.
Grad Finance FAQs and Contacts,What is the tuition cost for a fee-per-credit program?,"If you are in a fee-per-credit program, view your tuition rates on our domestic fees or international fees list."
Grad Finance FAQs and Contacts,What is the tuition cost for a flat-fee program?,"If you are in a flat-fee program, view your tuition rates on our domestic fees or international fees list."
Grad Finance FAQs and Contacts,What are ancillary fees?,"Ancillary fees are used to provide important services and resources for graduate students. These fees are charged alongside your tuition on your student account. All ancillary fees are approved by both your Student Union and the Board of Governors. Some fees are also voted on by the student body, including your U-Pass and gym membership. All students pay ancillary fees to enable access to services at a lower cost than would be possible on an individual basis. We understand that you may not use all of the available services, and we encourage you to make use of services that you feel will enrich your student experience."
Grad Finance FAQs and Contacts,What ancillary fees can I opt out of?,"The select fees you can opt out of go toward your Student Union, clubs and societies, on-campus events and the refugee sponsorship program. View the complete list of ancillary fees , including the fees you can opt out of."
Grad Finance FAQs and Contacts,Why are more ancillary fee categories listed this year?,We recognize that students want to know where their ancillary fees are going. We have separated some fee categories into several smaller items to provide a more detailed breakdown. These are not new fees and are being presented in this way to provide you with more specific information regarding the services and resources that ancillary fees make possible and continue to support.
Grad Finance FAQs and Contacts,How do I know how much my tuition and ancillary fees are this term?,"Students in flat-fee programs are charged tuition in each academic term, regardless of the number of courses taken. Fees will automatically be applied to your account. For students in good standing, fees are normally applied prior to course registration. Students with existing balances will not be permitted to register in future terms and may have fees applied at a later date. Students in per-credit programs will be charged tuition and fees once they have registered in their course(s). To view your balance, follow these steps: Log in to MyOntarioTech . Click on Self Service Options (top right-hand corner). Select Student Information . Select Paying Your Fees . Select Account Detail by Term . View your net tuition balance ."
Grad Finance FAQs and Contacts,Can I pay my tuition with my graduate funding?,"Yes, you can pay your tuition with graduate funding. If you wish to do so, you must submit the graduate student promissory note for deferment of fees and tuition deduction form and supporting documentation to gradfinance@ontariotechu.ca . Review additional information and requirements."
Grad Finance FAQs and Contacts,Can I use a credit card to pay for my tuition?,"Yes, we do accept credit card payments. Please review all acceptable payment options ."
Grad Finance FAQs and Contacts,Are there any other fees in addition to my program tuition?,Ancillary fees are paid in addition to tuition fees. You may view the ancillary fees on the ancillary fees web page .
Grad Finance FAQs and Contacts,What if I miss the payment deadline?,"Review the payment deadline schedule . It is your responsibility to be aware of any important dates that apply to you, and ensure all account fees are paid on time. If your fees are not paid by the deadline, your account will be subject to a late fee and your account may be inactivated, preventing future registration. In addition, graduate students in research programs may not be able to complete their thesis defence. Late fees are charged on a monthly basis of 1.5 percent interest on the outstanding balance of your tuition account."
Grad Finance FAQs and Contacts,"I am withdrawing from a course, will I owe tuition and fees?","Students in flat-fee programs are charged tuition in each academic term, regardless of the number of courses taken, therefore withdrawing from a course will not result in a refund of tuition or ancillary fees. Students in per-credit programs are charged tuition based on the number of course credits. Withdrawing from a course by the posted course drop deadlines may result in a refund."
Grad Finance FAQs and Contacts,"I am completing my program requirements before the end of the semester, will I still have to pay all tuition and fees?","In some cases, students that complete their program requirements before the end of the academic semester may be eligible for a tuition refund. Review the dates for submission of final work and corresponding refund amounts . To determine if you may be eligible for a refund, contact gradfinance@ontariotechu.ca ."
Grad Finance FAQs and Contacts,"I have questions about my OSAP, who do I contact?",Support regarding OSAP is administered by Student Awards and Financial Aid and found at the OSAP SAFA website . Graduate students with inquiries are encouraged to review the Financial Aid and OSAP FAQs or visit the Student Awards and Financial Aid website .
Grad Finance FAQs and Contacts,I have a credit balance. How do I get my refund?,"Students with a credit balance due to scholarships, awards or tuition overpayment will receive refunds according to the regularly scheduled refunds, normally after the 100 per cent refund deadline for tuition fees each term. Refund requests submitted prior to this date will not normally be considered unless there are extenuating circumstances."
Registering for Courses,How can I confirm my student status permits registration?,"Go to MyOntarioTech . Select the Current students box. In the Registration box, select Check your registration status . If prompted, login using your network credentials. On the Select a term page, use the drop down arrow to select a term from the Terms open for registration and then click continue. Confirm that your student status and academic standing permit registration, and that you do not have any holds on your account that would prevent registration."
Registering for Courses,Where can I find my Registration start date and time?,You can find your specific registration date and time via our Registration Start Dates web page .
Registering for Courses,How can I confirm my earned hours?,"Your earned hours are based on successfully completed course credit hours, and will determine when your course registration window opens. Your earned hours are posted in a number of locations on MyOntarioTech . To view your hours earned: Go to MyOntarioTech . Select the Current students box. In the Registration box, select Check your registration status . If prompted, login using your network credentials. On the Select a term page, use the drop down arrow to select a term from the Terms open for registration and then click continue. Your earned hours equal your institution hours, plus your transfer hours. OR Go to MyOntarioTech . Select the Current students box. In the Student records box, select Student profile . If prompted, login using your network credentials. Your earned hours are shown as Overall hours on the top banner of your Student profile page. On your Student profile page, below Overall hours from Step 5. Your earned hours are also listed in the undergraduate table found under the heading Curriculum, H ours and GPA , select Hours and GPA tab."
Registering for Courses,How do I know which course(s) to register for?,"If this is your first time registering for courses at Ontario Tech, you can locate your program map on our Course registration guide by selecting your start term, followed by your faculty and then by selecting Program Maps on the side navigation bar . If you are a returning student, you can follow your program map from the year you started in your program, or contact your Academic Advisor for assistance. If you are a graduate student and have questions about which courses to register for, you should contact your Graduate Program Office."
Registering for Courses,How do I navigate the course preview?,"Our course preview and registration processes have been updated to serve you better. To search for courses in the course preview : Select the term you are interested in and select C ontinue . If you know the course code, enter it directly in the S ubject and course number field. As you start typing, a drop-down menu will show all the courses that match your search. Select S earch to bring up the course details, including lecture times, linked labs, or tutorials if applicable. Select C ourse title to view additional information about the course, including any restrictions, prerequisites and course comments. Select S earch again to return to the main B rowse classes page to search for another course. To search all courses in a particular subject area, select or start typing in the S ubject field, which will bring up a drop-down menu of all subjects available. You may also use the Advanced search option to search by a variety of alternative criteria."
Registering for Courses,How do I use the plan ahead feature for registration?,"Our Plan Ahead feature allows you to create mock schedules to map out your upcoming semester(s). These can be uploaded once your registration window opens, allowing you to easily register into your preferred courses. Note: If you are a first year student, and your program provides you with either a block schedule option, or a pre-designed semester schedule option, you do not need to use the plan ahead feature. This feature benefits continuing or returning students, or first year students entering a program that does not provide pre-designed scheduling options. To create your own mock schedule using the Plan ahead feature: Go to MyOntarioTech . Select the Current students box. In the Registration box, select Plan ahead. If prompted, login using your network credentials. On the Select a term page, select a term using the drop down arrow in Terms open for planning and then select continue. Under the Select a plan page, select Create a new plan . For each schedule that you want to create, use the course listed on your program map, and search for available sections using the class schedule search: Select the Subject from the provided list using the first four letters of the course code. Enter the four-digit number into the Course number field, followed by the letter “U."" Select the View sections button and then select the Add button to add the desired course sections to your mock schedule. You can create up to six mock schedules per semester. Be sure to add all linked labs and tutorials for each course using the View linked button, if applicable. Once your registration window opens, you can register into all courses listed in your mock schedule by selecting the plans tab at the top of the registration screen, then select A dd all . Remember to double-check restrictions ad prerequisite requirements before finalizing your mock schedule. This will avoid any scheduling conflicts when you attempt to register into your chosen courses."
Registering for Courses,Why am I getting the Registration Contract when I try accessing the Plan Ahead function?,"This contract will appear for every student who attempts to access the Plan Ahead feature during the fall/winter semester which runs from September to April and/or the spring/summer semester which runs from May to August. You have to accept the contract in order to access Plan Ahead. Note: This will not affect your registration as you cannot access the registration section until your specific registration window opens, for the fall/winter term. Nor will the system allow you to register for the spring/summer term."
Registering for Courses,What is an elective?,"Electives, general electives or open electives may be chosen from any course in the list of offerings. However, some courses are restricted from degree credit in some programs. Read our Academic Calendar regulations carefully to ensure that the electives will meet your program requirements. If you are still unsure, please contact your Academic Advisor ."
Registering for Courses,How do I use the Ontario Tech Mobile app to register for courses?,"You can now register for courses using our Ontario Tech Mobile app if you have your student number and network password. Within the Courses Module section on the app, you will be able to: View your current courses View your weekly schedule Look up/ Register for courses View certain holds View your final grades View your academic, personal and contact information Learn how to register via the Mobile app ."
Registering for Courses,How do I determine which classes to take?,"Requirements for graduate programs of study are listed in the program sections of the Graduate Academic Calendar . Students should become familiar with the degree requirements and plan their programs accordingly. Not all courses are offered in any one term or academic year. Elective offerings may vary from semester to semester. Students are advised to consult with their graduate program director , faculty advisor or research supervisor as part of the planning process. All courses in the student's program must be approved by the graduate program director. Students cannot take courses for credit in addition to the course requirements for their graduate program."
Registering for Courses,What is a continuance course?,"For administrative purposes, all graduate students in flat-fee programs are registered in a specific course known as a “continuance course”. This confirms that the student is registered in the graduate program until they have met all program requirements and are eligible to graduate. Unless the student has applied and been approved for a leave of absence from the program, they are automatically re-registered in this course at the beginning of each semester. Although the course code appears on the student's transcript, it is not graded or calculated into the student's GPA. Students in a fee-per-credit program do not normally receive a continuance course unless they have completed all other courses and are working towards their final project/thesis course, if applicable. To determine if your program is flat-fee or fee per-credit, refer to the tuition fees page . Continuance courses: Business Analytics and AI (MBAI) BUSI 5999G Criminology SSCI 5999G Education (EdD) EDUC 7000G Engineering ENGR 5000G Health Sciences HLSC 5000G Science MSCI 6999G"
Registering for Courses,I'm trying to register for a course on MyOntarioTech and I'm getting an error. What do I do?,"There are several reasons why a graduate student may be unable to add a course. For example, if you try to register for a course outside of your program, an undergraduate course or a course that must be approved prior to registration, you will receive an error. In these situations, please contact your Graduate Program Office for information and next steps. You will need to be granted approval by your supervisor (if applicable) and graduate program director. Note that you are not permitted to exceed the maximum allowable credits, which is dependent on your full-time or part-time status. For more information on errors, please see the registration errors page or contact connect@ontariotechu.ca."
Registering for Courses,Am I expected to be registered in the spring/summer term?,"Yes. Graduate students are expected to be registered year-round (with the exception of all graduate diplomas in nuclear engineering). There are three terms in the academic year: fall, winter and spring/summer. Students in flat-fee programs are automatically registered and fees are applied to student accounts prior to each term."
Registering for Courses,How do I change my full-time or part-time status?,"Some programs offer full-time and part-time studies, whereas other programs offer only full-time studies. Students declare themselves as full-time or part-time at the time of application. Under certain circumstances, students may change from full-time to part-time status or vice versa. A Change in Full-Time/Part-Time Status form will need to be completed and signed by your supervisor (if applicable), your graduate program director, and the School of Graduate and Postdoctoral Studies. The deadline for submitting these forms is normally in the first week of the relevant term. Ensure you review the important dates and deadlines page ."
Registering for Courses,Am I able to change my program once I'm registered?,"In certain situations, students may request to change their program. For example, a student in a professional-based program may request to move to a similar research-based program, or vice versa. Students are required to obtain approval using a Change of Program/Supervisor form , which must be signed by the research supervisor (if applicable), graduate program director and the School of Graduate and Postdoctoral Studies. Students are not permitted to switch to a new program outside of their discipline or between faculties without a formal application to the new program. Transfer credits from the previous program at not guaranteed."
Registering for Courses,What if I need to take time off from my studies?,"The university recognizes that, under certain circumstances, students may need to absent themselves from regular study while maintaining their relationship with the university. Such circumstances must have sufficient cause and an official leave of absence must be requested through the School of Graduate and Postdoctoral Studies (SGPS) and approved by the research supervisor (if applicable), graduate program director and SGPS. Supporting documentation is required. Please visit the Leave of Absence webpage for more information."
Registering for Courses,How do I drop a class?,"You may drop classes through MyOntarioTech . After the tenth day of the term, drop requests must be completed using the Add/Drop Form . Please check Important Dates for more information. Dropping a class does not constitute an approved Leave of Absence or withdrawal from the program for students in flat fee programs."
Registering for Courses,I am having difficulty logging in while using MyOntarioTech. What do I do?,"If you have never logged into the system, make sure that you have set up your Network Password . If you are still having difficulties, please call IT Services at 905.721.3333 ."
Registering for Courses,How can I get a Verification of Enrolment letter?,"If are an undergraduate student and you need a Verification of Enrolment letter for RESP purposes, CPP benefits, banking institutions, study permits, etc., you can can print one from MyOntarioTech . You may use this letter in place of the forms that require our stamp and signature, as this letter is considered an official Ontario Tech letter. Note: You must first be registered in fall and winter classes for the letters to generate. Verification of enrolment letters cannot be provided prior to course registration. To view your Undergraduate verification of enrolment letter: Go to MyOntarioTech . Select the Current students box. In the Student records box , select Undergraduate verification of enrolment . If prompted, login using your network credentials. Using the down arrow, select the term year and then select Submit . Right click or press Ctrl then click on Download Verification of enrolment, and select Open in a new tab or window . If you are a graduate student, please fill out the Specialized Letter Request form to request your Verification of Enrolment letter."
Registering for Courses,How do I know how much to pay for tuition?,"You are only charged fees once you have registered in your courses. Fees are due each semester. Visit the Academic Schedule to confirm when your fees are due. If you have registered in your courses, follow the steps below to view your outstanding balance: Go to MyOntarioTech . Click on the Current students box. In the Paying your fees box, select Account details . If prompted, login using your network credentials. View your account balance by term. If you have further questions about your fees and payment, visit the Fees and payment FAQ section."
Registering for Courses,Why is there an error when I try to register into my courses using my mock schedule?,"When creating your mock schedule, the system doesn't check for any registration errors, including linked courses, pre-requisite courses, restrictions or time conflicts. Make sure that you review the restriction of each of the courses you are trying to add before registering for them to avoid any errors. If you need further assistance, contact us."
Registering for Courses,I am getting a “Time Ticket Error” when I try registering for my courses. What should I do?,"Time Ticket Errors mean that your registration window has not opened yet. Please check the Registration Start Dates web page for your specific date and time. If you are unsure which one applies to you, give us a call at 905.721.3190 or come see us at the Office of the Registrar."
Registering for Courses,What do I do if I get an error message?,"When it comes to course registration, errors are common. Find out what to do when you're faced with certain error messages by visiting our Common registration error and hold messages web page ."
Registering for Courses,What do I do if I get a hold error when registering?,"There are a number of reasons why you may encounter a hold error message when attempting to register. For information on how to determine your hold and how to resolve it, check out our Common registration error and hold messages web page ."
Registering for Courses,What does Conditional Add/drop courses mean?,"Conditional Add/Drop allows you to drop a course, on the condition that you are successfully registered into a new one. To use this feature: Check the Co nditional add/drop box beside the Submit button in the summary section of your course registration screen. Select the new course you wish to add to your schedule, indicate which course you would like to drop if you successfully register into your newly selected course, then select Submit . If you were able to be registered into your new course without errors, the summary section will indicate that you have successfully added and dropped your courses. If there were any errors with your new course, then your registration would remain as it was before."
Registering for Courses,How do I change the lab/tutorial section of one of my courses without dropping the corresponding lecture?,"You can use the Conditional Add/Drop function, which allows you to drop your current lab/tutorial on the condition that you are able to successfully register into the new lab/tutorial section. To use this feature: check the Conditional add/drop box beside the Submit button in the summary section of your course registration screen. Select the new course you wish to add to your schedule, indicate which course you would like to drop if you successfully register into your newly selected course, then select Submit . If you were able to be registered into your new course without errors, the summary section will indicate that you have successfully added and dropped your courses. If there were any errors with your new course, then your registration would remain as it was before."
Registering for Courses,I just tried to switch a lab section and was removed from the course entirely. Why?,"If the lab section you were trying to switch into was full, you were not added to that section. However, you were removed from your original lab section and the corresponding lecture because the lab that you dropped is linked to that lecture. To best avoid this from happening, please check the availability of course sections prior to dropping a class, or use the Conditional Add/Drop function located beside the submit button on your course registration screen."
Registering for Courses,How do I drop my last course?,"You will not be able to drop your last course online. You will need to complete a Drop course request - student form. Courses that are not officially dropped will be graded and you will be responsible for paying any fees associated with the course. If you are a graduate student, fill out the Graduate Studies – Add/Drop Course form ."
Registering for Courses,How do I officially withdraw from the university?,"If you are an undergraduate student considering a full withdrawal from Ontario Tech, you must complete the Request to Withdraw form. To access the Request to Withdraw form: 1. Go to MyOntarioTech. 2. Select the Current Students box. 3. The form is located in the Undergraduate Forms section. If you have any questions about the withdrawal process please contact us . Note: If you do not formally withdraw from the university or officially drop your courses, all courses will be graded and you will be responsible for paying all fees associated with the courses. Please refer to our Important dates and deadlines section in our Academic Calendar to ensure you adhere to our drop deadlines."
Other Services and Departments,What is my Ucard and how can I access it?,"The Ontario Tech Ucard is one of the most important pieces of identification (ID) that students, faculty and staff have. It identifies you as a member of Ontario Tech and gives you access to various facilities, resources and services, both on- and off-campus. Students, faculty and staff with an approved photo on file can now access their digital Ucard through our Ontario Tech Mobile app . If you have not yet downloaded the app, search for Ontario Tech Mobile in your device's app store. Physical cards will be issued to those with specific requirements outside of the digital Ucard (i.e. nursing badges for placements, and proximity (prox) access to rooms, etc.). Returning students with a physical Ucard do not need to update their card annually, and it is now valid for the duration of your studies at Ontario Tech. You may access your digital Ucard or continue to use your previously issued physical Ucard if you require access to on-campus areas and/or services. Check out our Ontario Tech Ucard web page for more information. If you have any questions, please email ucard@ontariotechu.ca ."
Other Services and Departments,Can I use my Ucard as photo ID for examination purposes?,"Yes, your digital Ucard can be used as an acceptable form of ID for exams, tests, etc., but only when it has an accompanying photo. Without a photo, your digital Ucard is invalid and will not be considered an acceptable form of ID for exams, test, etc. If you have not submitted your photo for use in your digital Ucard, visit our How to get your Ucard web page for instructions. Note: Photo approval can take around 1 to 2 business days. To access your digital Ucard, download and sign into the Ontario Tech Mobile app . Once your photo has been approved, it will automatically appear on your digital Ucard."
Other Services and Departments,How do I download the software I need as part of the Bring Your Own Device (BYOD) program?,"You can visit the Software Portal and log in with your student email account. For more information on the BYOD TELE model, visit the Information and Technology Services website ."
Other Services and Departments,How do I book an appointment with a Financial Aid Officer?,You can request an appointment by calling us at 905.721.3190.
Other Services and Departments,How can I find my Academic Advisor?,"We have a great team of academic advisors who can assist you with many different questions. You can find your academic advisor by faculty on our Academic Advising website . If you are in a graduate program, contact your Faculty program staff member(s )."
Other Services and Departments,How do I get a Universal Transit Pass (U-Pass)?,"The U-Pass is now available for use with physical and digital PRESTO cards only. It is no longer accessible with the PRESTO E-Tickets app. Before each semester begins, eligible, full-time students will receive an email with their unique U-Pass voucher code, which they can load onto their PRESTO card. For more information, visit our U-Pass web page ."
Other Services and Departments,Where can I find more information about U-Pass and the bus schedule?,"Getting to classes on time is important. If you are commuting by public transit, learn more about where your U-Pass can take you, and get to know your bus routes and how long it will take you to get here . If you have any questions regarding your U-Pass, please email upass@ontariotechu.ca ."
Other Services and Departments,Are there any counselling or community support services available for students?,Ontario Tech provides support and assistance for students using a Stepped Care model. Learn more about our Stepped Care model .
Other Services and Departments,Where can I access services and support specifically for International students?,"Various services and supports for International students, activities and partners are available through different offices of the university. Visit the International Office web page or email iss@ontariotechu.ca for more information."
Other Services and Departments,Where can I find more information about residence and meal plans?,"If you are planning on living on campus there are many options for residences and meal plans that are overseen by Residence Services . Through them you can learn what you need to know about life in residence, including: Booking a residence tour. Applying for residence. Payments, including your residence deposit. Different meal plan options. Move-in and move-out dates. If you have any questions about residence or meal plans, contact info@dc-otresidence.ca ."
Other Services and Departments,Where can I find information about Graduate Studies?,"For general graduate student inquires, contact the Registrar's Office. This includes but is not limited to: admissions, fees and payments, awards and bursaries, specialized letters, registration, and convocation. For inquiries related to thesis & defence, post-doctoral fellows, and graduate events/engagement, you may contact the School of Graduate and Postdoctoral Studies. For guidance on course selection and degree programming, please contact your Graduate Faculty office."
